{
  // Build Fields
    "MANUFACTURER": "Google",
    "MODEL": "Pixel 8a",
    "FINGERPRINT": "google/akita_beta/akita:Baklava/BP22.250103.008/12932282:user/release-keys",
    "BRAND": "google",
    "PRODUCT": "akita_beta",
    "DEVICE": "akita",
    "RELEASE": "Baklava",
    "ID": "BP22.250103.008",
    "INCREMENTAL": "12932282",
    "TYPE": "user",
    "TAGS": "release-keys",
    "SECURITY_PATCH": "2025-01-05",
    "DEVICE_INITIAL_SDK_INT": "32",

  // System Properties
    "*.build.id": "BP22.250103.008",
    //"*.security_patch": "2025-01-05",
    "*api_level": "32",

  // Advanced Settings
    "spoofBuild": "1",
    "spoofProps": "0",
    "spoofProvider": "0",
    "spoofSignature": "0",
    "verboseLogs": "0"

  // Beta Released: 2025-01-23
  // Estimated Expiry: 2025-03-06
}
